{
    "model": "lr_balanced_tuned",
    "threshold": 0.58,
    "tn": 1660,
    "fp": 272,
    "fn": 17,
    "tp": 51,
    "accuracy": 0.8555,
    "precision": 0.15789473684210525,
    "recall": 0.75,
    "f1_score": 0.2608695652173913,
    "roc_auc": 0.8893938009986604,
    "pr_auc": 0.3955146392366627
}