{
    "model": "rf_default_tuned",
    "threshold": 0.06,
    "tn": 1791,
    "fp": 141,
    "fn": 6,
    "tp": 62,
    "accuracy": 0.9265,
    "precision": 0.3054187192118227,
    "recall": 0.9117647058823529,
    "f1_score": 0.4575645756457565,
    "roc_auc": 0.9615530995006699,
    "pr_auc": 0.7969590053804724
}