{
    "model": "gb_tuned",
    "threshold": 0.1,
    "tn": 1910,
    "fp": 22,
    "fn": 12,
    "tp": 56,
    "accuracy": 0.983,
    "precision": 0.717948717948718,
    "recall": 0.8235294117647058,
    "f1_score": 0.7671232876712328,
    "roc_auc": 0.9850809889173061,
    "pr_auc": 0.8387068922080108
}