{
    "model": "lr_default_tuned",
    "threshold": 0.02,
    "tn": 1441,
    "fp": 491,
    "fn": 10,
    "tp": 58,
    "accuracy": 0.7495,
    "precision": 0.10564663023679417,
    "recall": 0.8529411764705882,
    "f1_score": 0.1880064829821718,
    "roc_auc": 0.8889218730970649,
    "pr_auc": 0.4555716662852377
}